"name.x","day","month","mean","std","n","se","name.y","class"
"3e 3 3 oxo 1 3 dihydro 2h indol 2 ylidene 1 3 dihydro 2h indol 2 one","1","2022-10",355017.012109456,138059.79236251,4,69029.896181255,NA,"unknown"
"3e 3 3 oxo 1 3 dihydro 2h indol 2 ylidene 1 3 dihydro 2h indol 2 one","1","2022-11",927290.777648257,332344.954444947,4,166172.477222473,NA,"unknown"
"3e 3 3 oxo 1 3 dihydro 2h indol 2 ylidene 1 3 dihydro 2h indol 2 one","1","2022-12",871907.185025975,452496.052895961,6,184730.740036422,NA,"unknown"
"3e 3 3 oxo 1 3 dihydro 2h indol 2 ylidene 1 3 dihydro 2h indol 2 one","1","2023-02",689550.387046659,376303.264881738,6,153625.16458394,NA,"unknown"
"3e 3 3 oxo 1 3 dihydro 2h indol 2 ylidene 1 3 dihydro 2h indol 2 one","1","2023-04",237049.334913183,88230.9616132987,2,62388.7112673735,NA,"unknown"
"3e 3 3 oxo 1 3 dihydro 2h indol 2 ylidene 1 3 dihydro 2h indol 2 one","1","2023-05",1963848.16068286,1013349.34295069,4,506674.671475344,NA,"unknown"
"3e 3 3 oxo 1 3 dihydro 2h indol 2 ylidene 1 3 dihydro 2h indol 2 one","1","2023-06",1638595.73803517,887598.531908229,4,443799.265954115,NA,"unknown"
"3e 3 3 oxo 1 3 dihydro 2h indol 2 ylidene 1 3 dihydro 2h indol 2 one","29","2023-03",174927.233177405,55350.4854047695,2,39138.7035716795,NA,"unknown"
"2 5 6 diphenylfuro 2 3 d pyrimidin 4 yl amino ethan 1 ol","1","2023-02",270385.555531076,200611.60682513,2,141853.827570779,NA,"unknown"
"2 5 6 diphenylfuro 2 3 d pyrimidin 4 yl amino ethan 1 ol","1","2023-05",265108.356870997,108905.064400548,2,77007.509543185,NA,"unknown"
"2 5 6 diphenylfuro 2 3 d pyrimidin 4 yl amino ethan 1 ol","1","2023-06",364781.864090392,72307.676696719,2,51129.2485240945,NA,"unknown"
"2 5 6 diphenylfuro 2 3 d pyrimidin 4 yl amino ethan 1 ol","29","2023-07",200755.222227509,59370.9487645565,2,41981.600476897,NA,"unknown"
"3 4 methoxy 2 methylphenyl 2 5 dimethyl n 1 3 methyl 1 2 4 oxadiazol 5 yl propyl pyrazolo 1 5 a pyrimidin 7 amine","1","2023-05",1016002.64514712,307561.021245833,2,217478.483751589,NA,"unknown"
"3 4 methoxy 2 methylphenyl 2 5 dimethyl n 1 3 methyl 1 2 4 oxadiazol 5 yl propyl pyrazolo 1 5 a pyrimidin 7 amine","29","2023-04",1542743.72408987,394891.808557121,2,279230.67566576,NA,"unknown"
"4 methoxy 4 oxobutan 2 yl 3 3 hydroxybutanoyl oxy butanoate","29","2023-01",268701.697229423,164872.891140006,2,116582.73935893,NA,"unknown"
"5 hydroxy 4 2r 6 hydroxy 5 3e 4 methyl 6 2 6 6 trimethyl 1 cyclohexen 1 yl 3 hexen 1 yl 5 6 dihydro 2h pyran 2 yl 2 5h furanone","1","2023-02",591330.147540109,553801.556508227,2,391596.836038632,NA,"unknown"
"5 hydroxy 4 2r 6 hydroxy 5 3e 4 methyl 6 2 6 6 trimethyl 1 cyclohexen 1 yl 3 hexen 1 yl 5 6 dihydro 2h pyran 2 yl 2 5h furanone","1","2023-04",1320439.89530658,802096.73816588,2,567168.042724704,NA,"unknown"
"5 hydroxy 4 2r 6 hydroxy 5 3e 4 methyl 6 2 6 6 trimethyl 1 cyclohexen 1 yl 3 hexen 1 yl 5 6 dihydro 2h pyran 2 yl 2 5h furanone","29","2023-01",278235.43407254,3061.79802459757,2,2165.01814581652,NA,"unknown"
"5 hydroxy 4 2r 6 hydroxy 5 3e 4 methyl 6 2 6 6 trimethyl 1 cyclohexen 1 yl 3 hexen 1 yl 5 6 dihydro 2h pyran 2 yl 2 5h furanone","29","2023-03",1691895.11924967,1176436.23137941,4,588218.115689707,NA,"unknown"
"5 hydroxy 4 2r 6 hydroxy 5 3e 4 methyl 6 2 6 6 trimethyl 1 cyclohexen 1 yl 3 hexen 1 yl 5 6 dihydro 2h pyran 2 yl 2 5h furanone","29","2023-04",958370.191269566,615396.948012105,2,435151.355060864,NA,"unknown"
"5 hydroxy 4 2r 6 hydroxy 5 3e 4 methyl 6 2 6 6 trimethyl 1 cyclohexen 1 yl 3 hexen 1 yl 5 6 dihydro 2h pyran 2 yl 2 5h furanone","29","2023-07",829642.961087442,417416.801178266,2,295158.250694348,NA,"unknown"
"5 4 tert butylphenyl sulfanyl quinazoline 2 4 diamine","29","2023-01",334923.622243477,90788.5704643046,2,64197.2138295425,"sulf","sulfonamide"
"5 4 tert butylphenyl sulfanyl quinazoline 2 4 diamine","29","2023-03",785386.539049668,267962.782127677,2,189478.300348094,"sulf","sulfonamide"
"5 4 tert butylphenyl sulfanyl quinazoline 2 4 diamine","29","2023-07",408277.639221688,72476.2007570216,2,51248.4130299275,"sulf","sulfonamide"
"8 hydroxyquinoline","1","2022-09",12975902.808315,6796955.97721434,2,4806173.6629147,NA,"unknown"
"8 hydroxyquinoline","1","2022-10",20424917.6908313,16044144.713216,2,11344923.5250533,NA,"unknown"
"8 hydroxyquinoline","1","2022-11",19719078.5011273,10059288.9086939,2,7112991.4012521,NA,"unknown"
"8 hydroxyquinoline","1","2022-12",14257481.4352068,17712929.6875565,4,8856464.84377825,NA,"unknown"
"8 hydroxyquinoline","1","2023-02",6191305.92186971,8232731.90659297,6,3360998.72671388,NA,"unknown"
"8 hydroxyquinoline","1","2023-04",2089934.2758182,2227851.08234398,4,1113925.54117199,NA,"unknown"
"8 hydroxyquinoline","1","2023-05",23321863.7100346,9118387.33049127,4,4559193.66524564,NA,"unknown"
"8 hydroxyquinoline","1","2023-06",3746584.39393896,4626693.23479711,6,1888839.60360664,NA,"unknown"
"8 hydroxyquinoline","29","2022-09",16869223.4910985,11736341.3311494,2,8298846.54157568,NA,"unknown"
"8 hydroxyquinoline","29","2022-10",10647636.1656905,10290022.2177991,2,7276144.48876595,NA,"unknown"
"8 hydroxyquinoline","29","2022-11",13701985.991053,8598326.93571103,2,6079935.28310022,NA,"unknown"
"8 hydroxyquinoline","29","2023-01",3816087.79384919,2232476.54978083,4,1116238.27489042,NA,"unknown"
"8 hydroxyquinoline","29","2023-02",4485124.57798624,4591085.75300441,4,2295542.87650221,NA,"unknown"
"8 hydroxyquinoline","29","2023-03",2448052.25036147,1941033.17683146,8,686258.860922798,NA,"unknown"
"8 hydroxyquinoline","29","2023-04",2988200.6183025,3953738.04293211,6,1614106.79696897,NA,"unknown"
"8 hydroxyquinoline","29","2023-06",2229071.65484192,2156961.74717849,4,1078480.87358924,NA,"unknown"
"8 hydroxyquinoline","29","2023-07",3494764.66338099,1249529.10796639,2,883550.50553301,NA,"unknown"
"acetomycin","1","2022-09",825569.698660794,324031.656976004,2,229124.981966846,"acetomycin","polyketide"
"acetomycin","1","2022-11",1676104.25019123,651519.733703949,12,188077.546818164,"acetomycin","polyketide"
"acetomycin","29","2022-09",327700.087411491,97775.390062937,2,69137.6413466625,"acetomycin","polyketide"
"actinonin","1","2022-10",236466.128696796,48624.0979925496,2,34382.429419611,NA,"unknown"
"alfentanil","1","2022-12",6890984.5835577,2186699.8579547,2,1546230.29797943,NA,"unknown"
"alfentanil","29","2023-02",7664680.64645361,120067.626042779,2,84900.6325758197,NA,"unknown"
"alfentanil","29","2023-03",7913932.45409301,259571.890782423,2,183545.044177665,NA,"unknown"
"alfentanil","29","2023-06",5641379.62719223,1961789.32303356,2,1387194.5335764,NA,"unknown"
"allomycin","1","2022-12",1521996.01720767,457990.866842094,2,323848.44766555,NA,"unknown"
"allomycin","1","2023-02",1545263.01576664,160157.714684245,2,113248.60611257,NA,"unknown"
"allomycin","1","2023-06",479656.604442957,114505.503769909,2,80967.6181988845,NA,"unknown"
"allomycin","29","2023-02",2539762.74340934,636490.778045755,2,450066.945318855,NA,"unknown"
"allomycin","29","2023-03",1821346.8979084,442217.709723583,2,312695.14130633,NA,"unknown"
"allomycin","29","2023-06",998783.35194204,160073.817297063,2,113189.281701169,NA,"unknown"
"amastatin","29","2022-11",263514.928892825,118913.831889809,2,84084.776906161,NA,"unknown"
"anisomycin","1","2022-12",284625.929687782,136416.122545682,2,96460.7653152265,NA,"unknown"
"anisomycin","1","2023-05",132689.608139766,1222.66289330765,2,864.553222963004,NA,"unknown"
"asp 1941","1","2023-06",239134.641198668,141368.728372728,2,99962.786480075,NA,"unknown"
"astromicin","1","2023-02",520908.584589103,160066.133031312,2,113183.848104749,NA,"unknown"
"astromicin","29","2023-01",467146.262576591,81264.3072468914,2,57462.542722704,NA,"unknown"
"aurantiogliocladin","1","2022-09",844896.013572214,266536.8082518,2,188469.984550666,NA,"unknown"
"aurantiogliocladin","1","2022-10",539008.729287232,397635.678841615,2,281170.884950622,NA,"unknown"
"aurantiogliocladin","1","2023-05",545081.440685985,45722.7114596445,2,32330.8393273505,NA,"unknown"
"aurantiogliocladin","29","2023-02",368724.762149524,294664.017176637,4,147332.008588318,NA,"unknown"
"aurantiogliocladin","29","2023-03",473169.251381478,192242.414244107,2,135935.914743681,NA,"unknown"
"aurantiogliocladin","29","2023-07",420182.736965162,97296.440575517,2,68798.972916262,NA,"unknown"
"bacimethrin","1","2022-09",943020.819454102,244002.739607188,2,172535.991804338,NA,"unknown"
"bacimethrin","29","2023-01",618349.019037539,230005.868532488,2,162638.709352024,NA,"unknown"
"bactam","29","2023-03",334925.132835651,155891.886682251,6,63642.5962352152,NA,"unknown"
"bestatin ubenimex","1","2022-10",380849.392011187,142698.35271156,4,71349.1763557798,NA,"unknown"
"bestatin ubenimex","1","2022-11",708747.502363222,172514.1406777,2,121985.918723772,NA,"unknown"
"bestatin ubenimex","1","2022-12",376390.032846417,153040.12934765,2,108215.71325539,NA,"unknown"
"bestatin ubenimex","1","2023-02",263149.606294194,94849.4866121748,2,67068.7151755315,NA,"unknown"
"bestatin ubenimex","1","2023-05",486372.241395034,19192.6233031354,2,13571.234086406,NA,"unknown"
"bestatin ubenimex","1","2023-06",497022.580203458,132356.554365407,2,93590.2171262655,NA,"unknown"
"bestatin ubenimex","29","2022-10",584556.426759998,399344.800144617,4,199672.400072309,NA,"unknown"
"bestatin ubenimex","29","2023-01",215305.193542609,63608.4908901173,4,31804.2454450586,NA,"unknown"
"bestatin ubenimex","29","2023-02",274026.592185499,153327.397868304,2,108418.842774365,NA,"unknown"
"bestatin ubenimex","29","2023-03",693890.523456145,266642.917713388,4,133321.458856694,NA,"unknown"
"bestatin ubenimex","29","2023-06",303574.728567766,84922.5762400819,2,60049.3295351935,NA,"unknown"
"bestatin ubenimex","29","2023-07",229774.895929925,67597.4761009177,2,47798.6337420545,NA,"unknown"
"blasticidine s","29","2023-02",489687.388785238,382336.129070859,2,270352.469558619,NA,"unknown"
"brefeldin a","1","2022-10",2693407.27596015,1563862.02047828,6,638443.996381623,NA,"unknown"
"brefeldin a","1","2022-11",1803714.63789837,1164966.39225697,4,582483.196128484,NA,"unknown"
"brefeldin a","1","2022-12",3255111.64194646,2352260.91804348,6,960306.498516206,NA,"unknown"
"brefeldin a","1","2023-02",2083474.34619338,1723687.45535691,4,861843.727678456,NA,"unknown"
"brefeldin a","1","2023-04",1100519.26643968,748148.613548875,4,374074.306774438,NA,"unknown"
"brefeldin a","1","2023-05",4130310.69687362,274686.681227856,2,194232.814997845,NA,"unknown"
"brefeldin a","1","2023-06",3449367.72571603,919456.839683691,2,650154.16634869,NA,"unknown"
"brefeldin a","29","2022-09",1707644.12860042,1057120.86270333,2,747497.330551301,NA,"unknown"
"brefeldin a","29","2022-11",1984288.6715499,703692.647794857,2,497585.84312686,NA,"unknown"
"brefeldin a","29","2023-01",1726956.88952027,290615.668293247,2,205496.309769215,NA,"unknown"
"brefeldin a","29","2023-03",453004.927046168,149712.828720941,2,105862.956419198,NA,"unknown"
"brefeldin a","29","2023-04",3850460.9815298,1575183.78067729,2,1113823.13293197,NA,"unknown"
"caerulomycin a","1","2022-09",1227289.31976966,550366.474005126,2,389167.865906755,NA,"unknown"
"caerulomycin a","1","2022-10",1963585.63353236,1365611.34824897,2,965633.044812154,NA,"unknown"
"caerulomycin a","1","2022-12",1726917.0090341,1122667.80229186,2,793846.016020373,NA,"unknown"
"caerulomycin a","1","2023-02",3925672.50237841,1470287.29397864,2,1039650.11586471,NA,"unknown"
"caerulomycin a","29","2022-09",901963.573512401,721193.070730377,2,509960.510858199,NA,"unknown"
"caerulomycin a","29","2022-10",379447.874824401,310239.102529231,2,219372.173187647,NA,"unknown"
"caerulomycin a","29","2022-11",644293.43483989,515752.971042895,2,364692.42324154,NA,"unknown"
"capreomycin ib","1","2022-09",1427627.53831738,684195.192258427,2,483799.060101168,"capreomycin","other"
"capreomycin iib","1","2023-02",1541202.59522346,975743.330274932,2,689954.725534949,"capreomycin","other"
"capreomycin iib","29","2023-01",1588425.40108808,349400.574473589,2,247063.51556075,"capreomycin","other"
"cefalexin","1","2022-09",1910959.3022202,1174331.87458588,2,830378.031883185,"cef","beta-lactam"
"cefalexin","29","2023-01",1024264.42632797,365421.786494344,2,258392.223223454,"cef","beta-lactam"
"cefalexin","29","2023-03",367594.990843685,77317.2221138531,2,54671.532059212,"cef","beta-lactam"
"cefalexin","29","2023-07",767981.739145065,59392.9373930313,2,41997.1487852005,"cef","beta-lactam"
"cefedrolor","1","2022-11",133172.113926519,43831.0693759503,2,30993.2463823925,"cef","beta-lactam"
"cefedrolor","1","2023-02",154455.273209473,68127.8115712462,2,48173.6375494275,"cef","beta-lactam"
"cefedrolor","1","2023-05",273460.881841567,10409.2364818054,2,7360.44170325901,"cef","beta-lactam"
"cefedrolor","1","2023-06",221201.705671643,48471.1556945207,2,34274.2828835445,"cef","beta-lactam"
"cefpiramide","1","2023-06",330868.897691548,120010.265487802,2,84860.0725384225,"cef","beta-lactam"
"cefquinom","1","2022-12",336735.290990009,133811.421631691,2,94618.963635981,"cef","beta-lactam"
"cefquinom","1","2023-05",477765.670672221,6420.85537529403,2,4540.2303768885,"cef","beta-lactam"
"cefquinom","29","2022-10",347726.165055917,139034.612631912,2,98312.3174116695,"cef","beta-lactam"
"cefquinom","29","2023-01",994633.928449001,89795.7210694715,2,63495.163289759,"cef","beta-lactam"
"cefquinom","29","2023-04",1013638.97316854,571594.786256588,2,404178.549452909,"cef","beta-lactam"
"cefrotil","1","2022-10",1075982.41337306,426703.364222636,2,301724.842396939,"cef","beta-lactam"
"cefrotil","1","2022-12",1260392.72807671,446249.743806049,2,315546.219948016,"cef","beta-lactam"
"cefrotil","29","2022-10",584288.28297086,107674.605818878,2,76137.443936117,"cef","beta-lactam"
"chloramphenicol","1","2022-09",165025.90564548,322.821707410933,2,228.26941842449,"chloramphenicol","other"
"chloramphenicol","1","2022-11",177949.123988181,67659.7586016475,4,33829.8793008238,"chloramphenicol","other"
"chloramphenicol","1","2023-05",568908.660872365,114986.306538789,2,81307.5970971725,"chloramphenicol","other"
"chloramphenicol","1","2023-06",325975.860501354,94039.316399634,2,66495.8383243285,"chloramphenicol","other"
"chloramphenicol","29","2022-11",182710.361434017,70976.038990602,2,50187.6384720155,"chloramphenicol","other"
"chloramphenicol","29","2023-02",277914.525027547,100612.604264357,2,71143.8547481655,"chloramphenicol","other"
"chloramphenicol","29","2023-03",405622.405508157,107512.020653318,2,76022.4788630295,"chloramphenicol","other"
"chloramphenicol","29","2023-04",482269.992399823,222478.530140307,2,157316.077330626,"chloramphenicol","other"
"chloramphenicol","29","2023-06",24643820.0878556,13065956.8353529,2,9239026.68096875,"chloramphenicol","other"
"chloramphenicol","29","2023-07",154130.547191027,29246.2411634116,2,20680.2154508655,"chloramphenicol","other"
"ciadox","29","2023-04",206225.087976612,88135.2318722999,2,62321.020118352,NA,"unknown"
"ciclacillin","1","2022-09",4108349.79778938,4487812.16532147,4,2243906.08266073,"cillin","beta-lactam"
"ciclacillin","1","2022-10",2191631.65246847,359908.000522258,2,254493.38777258,"cillin","beta-lactam"
"ciclacillin","1","2022-11",8576803.54272593,1874462.03044812,2,1325444.81280657,"cillin","beta-lactam"
"ciclacillin","1","2022-12",503563.911888078,38086.5089773874,2,26931.228769633,"cillin","beta-lactam"
"ciclacillin","1","2023-02",1796780.37953527,1915018.96042625,4,957509.480213125,"cillin","beta-lactam"
"ciclacillin","1","2023-04",2383220.51132283,2601171.64187119,4,1300585.82093559,"cillin","beta-lactam"
"ciclacillin","1","2023-05",2664252.09724184,56376.112351648,2,39863.931340785,"cillin","beta-lactam"
"ciclacillin","1","2023-06",2687213.9825762,176758.635508957,2,124987.229801665,"cillin","beta-lactam"
"ciclacillin","29","2022-09",3770966.0874208,4078949.95854192,4,2039474.97927096,"cillin","beta-lactam"
"ciclacillin","29","2022-10",851361.004535401,792582.527662199,4,396291.263831099,"cillin","beta-lactam"
"ciclacillin","29","2022-11",3415623.99465915,3674657.2275178,4,1837328.6137589,"cillin","beta-lactam"
"ciclacillin","29","2023-02",1007339.37862366,1128641.52589072,4,564320.762945358,"cillin","beta-lactam"
"ciclacillin","29","2023-03",2651742.76332658,2818095.99323478,4,1409047.99661739,"cillin","beta-lactam"
"ciclacillin","29","2023-04",1133618.26351554,1412616.22047058,4,706308.110235291,"cillin","beta-lactam"
"ciclacillin","29","2023-06",652207.698661919,617424.707997989,4,308712.353998994,"cillin","beta-lactam"
"ciclacillin","29","2023-07",399926.064092731,16155.9085557251,2,11423.952495983,"cillin","beta-lactam"
"ciprofloxacin","1","2022-12",261966.380239136,49103.4638799983,2,34721.3922892955,"floxacin","quinolone"
"ciprofloxacin","1","2022-12",261966.380239136,49103.4638799983,2,34721.3922892955,"ofloxacin","quinolone"
"clarithromycin","29","2023-01",1740915.95410406,318302.37361285,2,225073.76684942,"clarithromycin","mlsb"
"clarithromycin","29","2023-02",1329594.8652956,85089.7213079006,2,60167.51894609,"clarithromycin","mlsb"
"clarithromycin","29","2023-04",667574.473780717,369980.582331275,2,261615.778673793,"clarithromycin","mlsb"
"clindamycin","1","2023-05",342381.492076996,6512.22908708065,2,4604.84134811501,"clindamycin","mlsb"
"clindamycin","29","2023-02",526210.765463242,129942.84297641,2,91883.465435278,"clindamycin","mlsb"
"cloranolol","1","2022-10",223660.867668796,107364.236100196,2,75917.979403362,NA,"unknown"
"cloranolol","1","2022-12",388550.566092483,323480.883948368,2,228735.52662411,NA,"unknown"
"cloranolol","1","2023-02",404825.202479187,235567.297152095,2,166571.233242033,NA,"unknown"
"cloranolol","1","2023-04",197468.476775099,80194.0186008448,2,56705.7343632575,NA,"unknown"
"cloranolol","1","2023-05",436791.882802579,72155.1491125152,2,51021.395234986,NA,"unknown"
"cloranolol","1","2023-06",251848.400450427,157961.064163081,2,111695.339633158,NA,"unknown"
"cloranolol","29","2023-02",367765.966222515,166787.836210823,2,117936.810004104,NA,"unknown"
"cloranolol","29","2023-03",394066.560260193,226793.014240893,2,160366.878295473,NA,"unknown"
"cloxacillin","1","2022-09",798621.341685007,358318.31436166,2,253369.309908463,"cillin","beta-lactam"
"cloxacillin","1","2022-10",748628.508985224,583169.519606186,2,412363.121894835,"cillin","beta-lactam"
"cloxacillin","1","2022-12",307736.161644636,133860.626278055,2,94653.7565750905,"cillin","beta-lactam"
"cloxacillin","1","2023-02",349307.462451482,176616.202989362,2,124886.514801197,"cillin","beta-lactam"
"cloxacillin","1","2023-05",514733.072138245,25800.5992315381,2,18243.778675297,"cillin","beta-lactam"
"cloxacillin","1","2023-06",436479.471869345,98838.1255928982,2,69889.108846506,"cillin","beta-lactam"
"cloxacillin","29","2022-09",860133.500302706,395857.827295956,2,279913.754066744,"cillin","beta-lactam"
"cloxacillin","29","2022-10",520925.386460905,263464.381743003,2,186297.450931598,"cillin","beta-lactam"
"cloxacillin","29","2023-01",175513.155777642,48507.7386947948,2,34300.1509711145,"cillin","beta-lactam"
"cloxacillin","29","2023-04",403826.267002176,142323.322343498,2,100637.786350086,"cillin","beta-lactam"
"cloxacillin","29","2023-07",358190.634966757,57086.3508126126,2,40366.1457727925,"cillin","beta-lactam"
"cordycepin","1","2022-09",636472.628764093,438462.380716991,4,219231.190358495,NA,"unknown"
"cordycepin","1","2022-10",178348.534399492,80941.8323261208,2,57234.5185194645,NA,"unknown"
"cordycepin","1","2022-11",1025442.29242434,379941.378392738,2,268659.125114869,NA,"unknown"
"cordycepin","1","2022-12",231694.948799071,119591.33355966,2,84563.842931178,NA,"unknown"
"cordycepin","1","2023-02",187602.267395579,55127.6157075809,2,38981.1108974765,NA,"unknown"
"cordycepin","1","2023-04",1700369.80470575,496163.088101056,2,350840.284170715,NA,"unknown"
"cordycepin","1","2023-05",327523.271647107,138710.477287962,4,69355.2386439812,NA,"unknown"
"cordycepin","1","2023-06",983839.282315907,305999.856398138,2,216374.573501233,NA,"unknown"
"cordycepin","29","2023-01",1850440.11536305,610991.57652219,2,432036.2870067,NA,"unknown"
"cordycepin","29","2023-02",137098.816328806,49523.9966047991,2,35018.753830713,NA,"unknown"
"cordycepin","29","2023-03",1616459.61363302,983730.259751238,4,491865.129875619,NA,"unknown"
"cordycepin","29","2023-07",221950.535398623,46234.4048475623,2,32692.6611918355,NA,"unknown"
"cryptotanshinone","1","2022-09",22855611.4020097,8366786.2906193,2,5916211.32283555,NA,"unknown"
"cryptotanshinone","1","2022-10",27161711.1430186,11841072.2653711,2,8372902.49536385,NA,"unknown"
"cryptotanshinone","1","2022-11",8706576.2176809,3455401.26167975,2,2443337.66385431,NA,"unknown"
"cryptotanshinone","1","2022-12",5262204.40852815,2436816.66461454,2,1723089.58805732,NA,"unknown"
"cryptotanshinone","1","2023-02",4101537.89337806,1461807.49949074,2,1033653.99567925,NA,"unknown"
"cryptotanshinone","1","2023-04",9923543.88925675,6164193.56813993,2,4358743.07257824,NA,"unknown"
"cryptotanshinone","1","2023-05",332179.789414687,20376.6421975287,2,14408.4618756845,NA,"unknown"
"cryptotanshinone","1","2023-06",5908442.18196153,929940.512883268,2,657567.242759855,NA,"unknown"
"cryptotanshinone","29","2022-09",58065552.2744678,32303700.4494693,2,22842165.6452386,NA,"unknown"
"cryptotanshinone","29","2022-10",7078002.57163401,3734873.52321741,2,2640954.39514113,NA,"unknown"
"cryptotanshinone","29","2022-11",5462195.19434948,1166240.69142991,2,824656.701405775,NA,"unknown"
"cryptotanshinone","29","2023-01",4097875.45555815,1128769.55046406,2,798160.60353003,NA,"unknown"
"cryptotanshinone","29","2023-03",9533045.47855771,4621098.15430561,6,1886555.42156098,NA,"unknown"
"cryptotanshinone","29","2023-04",4683963.79900192,1854486.20661437,2,1311319.77231394,NA,"unknown"
"cryptotanshinone","29","2023-06",7975495.41489822,2783153.05033029,2,1967986.39496857,NA,"unknown"
"cryptotanshinone","29","2023-07",15534144.0532488,1426863.6161721,2,1008944.93882365,NA,"unknown"
"cycloheximide","1","2022-10",2769763.05556889,1236326.73962435,2,874215.021350635,NA,"unknown"
"cycloheximide","1","2022-12",411637.393430012,109324.326838434,2,77303.972856111,NA,"unknown"
"cytochalasin d","1","2022-09",291298.03141916,8337.94985029224,2,5895.820880335,NA,"unknown"
"dacarbazine","1","2022-09",20818783.1558242,8249487.66576986,2,5833268.66978065,NA,"unknown"
"dacarbazine","1","2022-10",16856631.8068778,10736991.4229562,2,7592199.4447141,NA,"unknown"
"dacarbazine","1","2022-11",16780714.2971705,6892337.06024614,2,4873618.2735234,NA,"unknown"
"dacarbazine","1","2022-12",14845624.4306776,8878591.63819368,2,6278112.35475293,NA,"unknown"
"dacarbazine","1","2023-02",10595140.3593629,5761276.71254523,2,4073837.83173287,NA,"unknown"
"dacarbazine","1","2023-04",7030086.13158135,3592367.43979935,2,2540187.37719587,NA,"unknown"
"dacarbazine","1","2023-05",9040352.83232233,1463508.58907072,2,1034856.84765666,NA,"unknown"
"dacarbazine","1","2023-06",15501318.5613844,6815006.40034659,2,4818937.2395148,NA,"unknown"
"dacarbazine","29","2022-09",20240582.0094524,10627926.6662017,2,7515079.01562455,NA,"unknown"
"dacarbazine","29","2022-10",15275131.9058881,11384827.5734637,2,8050288.77983573,NA,"unknown"
"dacarbazine","29","2022-11",25449935.1155108,12249203.2350026,2,8661494.67160255,NA,"unknown"
"dacarbazine","29","2023-01",1493861.66688451,1302821.91253725,4,651410.956268626,NA,"unknown"
"dacarbazine","29","2023-02",9522315.32273936,6264601.30054345,2,4429742.06104433,NA,"unknown"
"dacarbazine","29","2023-03",6542511.46292651,5287743.12168096,4,2643871.56084048,NA,"unknown"
"dacarbazine","29","2023-04",11526508.8709473,7374749.03333378,2,5214735.05101925,NA,"unknown"
"dacarbazine","29","2023-06",11186038.3119619,6050386.34304434,2,4278269.21196513,NA,"unknown"
"dacarbazine","29","2023-07",5415039.99501659,1663604.44643576,2,1176345.98528681,NA,"unknown"
"daidzin","1","2022-09",11977187.7546511,6546938.45298859,2,4629384.5761192,NA,"unknown"
"daidzin","1","2022-10",21767915.5789639,12290752.1408339,2,8690874.1846667,NA,"unknown"
"daidzin","1","2022-11",17758260.1242888,7932455.22475137,2,5609092.88088035,NA,"unknown"
"daidzin","1","2022-12",18980813.9641081,7776974.04737662,2,5499151.0860118,NA,"unknown"
"daidzin","1","2023-02",24570876.3277197,8450594.41801826,2,5975472.6180379,NA,"unknown"
"daidzin","1","2023-04",58857321.8565939,24898700.5894186,2,17606040.0295114,NA,"unknown"
"daidzin","1","2023-06",9819733.27195661,3384618.31849298,2,2393286.56473459,NA,"unknown"
"daidzin","29","2022-09",26425733.0022941,10677201.4840906,2,7549921.57349555,NA,"unknown"
"daidzin","29","2022-10",22523064.0836612,11660841.6203689,2,8245460.1841052,NA,"unknown"
"daidzin","29","2022-11",15933618.5432531,4741400.79470204,2,3352676.6542571,NA,"unknown"
"daidzin","29","2023-01",41912644.4256181,121194.071753982,2,85697.1499768496,NA,"unknown"
"daidzin","29","2023-02",15916671.0026591,7077224.18572926,2,5004353.2137066,NA,"unknown"
"daidzin","29","2023-03",40153686.8598688,16704944.0780758,4,8352472.0390379,NA,"unknown"
"daidzin","29","2023-04",10787560.5883814,6109608.34025159,2,4320145.48778578,NA,"unknown"
"daidzin","29","2023-06",14017632.3584384,3685449.82815585,2,2606006.5652118,NA,"unknown"
"daidzin","29","2023-07",32635185.5194092,5445806.60846547,2,3850766.78187645,NA,"unknown"
"difloxacin","29","2023-03",342969.842631672,15831.5226754764,2,11194.577040338,"floxacin","quinolone"
"difloxacin","29","2023-07",233191.380347077,35146.2906198018,2,24852.180430815,"floxacin","quinolone"
"erythromycin","1","2022-10",1626888.50077012,962712.291615027,2,680740.389732627,"erythromycin","mlsb"
"erythromycin","1","2023-04",3308370.15228741,2320463.2779022,2,1640815.31929901,"erythromycin","mlsb"
"erythromycin","1","2023-05",1526994.17585861,341578.754011644,2,241532.653270885,"erythromycin","mlsb"
"erythromycin","1","2023-06",3809411.53367108,899974.062748023,2,636377.762661135,"erythromycin","mlsb"
"erythromycin","29","2022-09",3426048.55522706,2483350.47007709,2,1755993.95745431,"erythromycin","mlsb"
"erythromycin","29","2023-02",967375.054362453,291667.123337356,2,206239.800761018,"erythromycin","mlsb"
"erythromycin","29","2023-03",1936995.92562207,804485.341166472,6,328429.76523445,"erythromycin","mlsb"
"erythromycin","29","2023-04",2860334.22051826,500279.397717577,2,353750.95461402,"erythromycin","mlsb"
"erythromycin","29","2023-06",3478959.16420119,833655.441376723,2,589483.415770545,"erythromycin","mlsb"
"erythromycin","29","2023-07",1398651.68268908,636763.515002793,4,318381.757501397,"erythromycin","mlsb"
"ethacridine","1","2023-04",1007927.48970635,544695.848881993,2,385158.12842862,NA,"unknown"
"ethacridine","29","2022-10",783586.803519826,516156.70079519,2,364977.903287155,NA,"unknown"
"ethacridine","29","2023-03",1473760.95383581,566961.064948407,2,400902.013693765,NA,"unknown"
"ethacridine","29","2023-04",342724.299217565,187622.812787325,2,132669.363227211,NA,"unknown"
"ethacridine","29","2023-07",1866991.75805356,122553.823045699,2,86658.63933595,NA,"unknown"
"ethyl 1 2 chlorophenyl 3 5 dimethyl 1h pyrazole 4 carboxylate","1","2022-12",472793.497896072,230472.608339631,2,162968.744234704,NA,"unknown"
"ethyl 1 2 chlorophenyl 3 5 dimethyl 1h pyrazole 4 carboxylate","1","2023-02",482919.90545366,174397.552810399,2,123317.692214572,NA,"unknown"
"ethyl 1 2 chlorophenyl 3 5 dimethyl 1h pyrazole 4 carboxylate","1","2023-04",597020.941507823,164657.227329135,2,116430.242015806,NA,"unknown"
"ethyl 1 2 chlorophenyl 3 5 dimethyl 1h pyrazole 4 carboxylate","1","2023-05",219205.643322021,13350.4046797976,2,9440.16168066949,NA,"unknown"
"ethyl 1 2 chlorophenyl 3 5 dimethyl 1h pyrazole 4 carboxylate","29","2022-10",1152409.76848484,745670.100745179,2,527268.384764972,NA,"unknown"
"ethyl 1 2 chlorophenyl 3 5 dimethyl 1h pyrazole 4 carboxylate","29","2023-01",812761.398519781,243119.932685604,2,171911.753043607,NA,"unknown"
"ethyl 1 2 chlorophenyl 3 5 dimethyl 1h pyrazole 4 carboxylate","29","2023-02",722244.778145325,442430.750041925,2,312845.783560095,NA,"unknown"
"ethyl 1 2 chlorophenyl 3 5 dimethyl 1h pyrazole 4 carboxylate","29","2023-03",1270647.40033038,781234.280795076,4,390617.140397538,NA,"unknown"
"ethyl 1 2 chlorophenyl 3 5 dimethyl 1h pyrazole 4 carboxylate","29","2023-04",344108.042538812,160458.301904173,2,113461.153374119,NA,"unknown"
"ethyl 1 2 chlorophenyl 3 5 dimethyl 1h pyrazole 4 carboxylate","29","2023-06",420517.031149207,145707.810561018,2,103030.980919541,NA,"unknown"
"ethyl 1 2 chlorophenyl 3 5 dimethyl 1h pyrazole 4 carboxylate","29","2023-07",3774565.17557886,724829.439812408,2,512531.812095,NA,"unknown"
"fleroxacin btm04309","1","2022-10",140118.561571247,16297.4209943063,2,11524.016900926,"fleroxacin","quinolone"
"fleroxacin btm04309","1","2023-04",124632.62434117,5134.10534871995,2,3630.360707406,"fleroxacin","quinolone"
"fleroxacin btm04309","1","2023-06",215582.754855656,34445.3169828169,2,24356.51721867,"fleroxacin","quinolone"
"fleroxacin btm04309","29","2022-10",144246.149351909,23558.2581847158,2,16658.204115356,"fleroxacin","quinolone"
"fleroxacin btm04309","29","2023-01",219319.711979757,16357.2391969058,2,11566.3147576225,"fleroxacin","quinolone"
"fleroxacin btm04309","29","2023-06",151969.784627271,39233.2638515874,2,27742.1069175385,"fleroxacin","quinolone"
"flumequine","1","2023-02",264540.438865228,90384.1412147829,2,63911.2391646955,NA,"unknown"
"flumequine","29","2023-03",154817.914004094,36685.4794107729,2,25940.551262437,NA,"unknown"
"flumethasone","1","2022-11",1543398.80360159,908925.215704944,2,642707.183616411,NA,"unknown"
"forfenimex","1","2022-12",222694.738129623,133765.21025705,4,66882.605128525,NA,"unknown"
"formylsulfamethine","1","2022-10",1709157.25122052,992448.487567483,2,701767.0555373,"sulf","sulfonamide"
"formylsulfamethine","1","2023-02",1439326.85639406,942555.598231889,4,471277.799115944,"sulf","sulfonamide"
"formylsulfamethine","1","2023-04",8616375.15567406,9116770.82229839,2,6446530.47097084,"sulf","sulfonamide"
"formylsulfamethine","1","2023-05",491747.041038,402430.378809691,4,201215.189404846,"sulf","sulfonamide"
"formylsulfamethine","29","2022-09",1091062.07740714,497854.098127749,2,352036.008827644,"sulf","sulfonamide"
"formylsulfamethine","29","2022-10",436354.005356256,63975.6677569332,2,45237.628501865,"sulf","sulfonamide"
"formylsulfamethine","29","2023-01",1769837.79403947,363375.096159843,4,181687.548079922,"sulf","sulfonamide"
"formylsulfamethine","29","2023-02",1757097.9840332,424806.458612746,2,300383.527576915,"sulf","sulfonamide"
"formylsulfamethine","29","2023-03",2404686.99427044,655476.848636023,2,463492.12458132,"sulf","sulfonamide"
"fusaric acid","1","2022-09",893560.826178574,369810.636836333,2,261495.609061887,NA,"unknown"
"fusaric acid","1","2022-10",780228.098697635,478742.433725419,4,239371.216862709,NA,"unknown"
"fusaric acid","1","2022-11",2298877.38433534,1786533.69506502,4,893266.84753251,NA,"unknown"
"fusaric acid","1","2022-12",799677.220149382,423152.961256412,2,299214.328383577,NA,"unknown"
"fusaric acid","1","2023-02",1026352.82945439,550010.582967857,2,388916.212940938,NA,"unknown"
"fusaric acid","1","2023-04",883943.07029226,539584.297315319,2,381543.71565344,NA,"unknown"
"fusaric acid","1","2023-05",437512.673885683,84703.7879586691,4,42351.8939793346,NA,"unknown"
"fusaric acid","1","2023-06",754776.632337658,343639.422905319,2,242989.766219383,NA,"unknown"
"fusaric acid","29","2022-09",837374.563507055,471163.276541143,2,333162.747888314,NA,"unknown"
"fusaric acid","29","2022-10",1141191.01527016,1084575.9343154,4,542287.967157702,NA,"unknown"
"fusaric acid","29","2022-11",1094958.08322465,515768.769436264,2,364703.594392623,NA,"unknown"
"fusaric acid","29","2023-02",578097.050523018,400172.110050771,2,282964.412658629,NA,"unknown"
"fusaric acid","29","2023-03",668994.376627113,309734.51411632,4,154867.25705816,NA,"unknown"
"fusaric acid","29","2023-04",688179.400589282,452004.303096844,2,319615.307845278,NA,"unknown"
"fusaric acid","29","2023-06",377528.739373089,204193.275186259,2,144386.449556895,NA,"unknown"
"fusaric acid","29","2023-07",411508.987702576,166673.36107139,2,117855.863856734,NA,"unknown"
"fusidic acid","29","2023-01",557888.434814112,233925.243368519,2,165410.125876593,"fusidic acid","other"
"ganciclovir","29","2022-11",575439.341458617,211492.016635727,2,149547.43912994,NA,"unknown"
"gliorosein","1","2022-09",1743379.92959015,381072.65296486,2,269459.0570362,NA,"unknown"
"gliorosein","1","2022-10",630343.490386821,306214.269623607,2,216526.186546938,NA,"unknown"
"gliorosein","1","2022-11",1462036.22981908,1246750.23996876,12,359905.793329098,NA,"unknown"
"gliorosein","29","2022-09",329904.243697993,145670.115966958,2,103004.326816467,NA,"unknown"
"gliorosein","29","2022-11",162599.087133669,53090.8881646823,2,37540.9270404635,NA,"unknown"
"griseofulvin","1","2023-04",269506.048890423,131128.213837726,2,92721.6492095355,"griseofulvin","antifungal"
"guamecycline","1","2022-10",420056.720963973,79122.2529270893,2,55947.881587502,"guamecycline","tetracycline"
"guamecycline","1","2022-12",249550.746502732,44139.342568416,2,31211.228447243,"guamecycline","tetracycline"
"guamecycline","1","2023-02",249267.167907364,16588.3338010918,2,11729.723319338,"guamecycline","tetracycline"
"guamecycline","1","2023-04",233747.917984805,27318.6635847935,2,19317.2122737615,"guamecycline","tetracycline"
"guamecycline","1","2023-05",227393.114393816,30958.6553335355,2,21891.07512276,"guamecycline","tetracycline"
"guamecycline","1","2023-06",347336.080181672,56163.0214402051,2,39713.2533122945,"guamecycline","tetracycline"
"guamecycline","29","2022-09",246017.951563589,20424.2762649676,2,14442.144247786,"guamecycline","tetracycline"
"guamecycline","29","2022-10",381177.799603466,80864.9738358765,2,57180.171359821,"guamecycline","tetracycline"
"guamecycline","29","2022-11",308771.680328318,82291.7885038853,2,58189.0816870665,"guamecycline","tetracycline"
"guamecycline","29","2023-02",246823.176077969,8423.83012858006,2,5956.5474074825,"guamecycline","tetracycline"
"guamecycline","29","2023-03",282607.104719816,138532.556500392,4,69266.278250196,"guamecycline","tetracycline"
"guamecycline","29","2023-04",372176.653575987,66140.4117732788,2,46768.333675356,"guamecycline","tetracycline"
"guamecycline","29","2023-06",139179.149491747,21395.1831601722,2,15128.679097286,"guamecycline","tetracycline"
"guamecycline","29","2023-07",311749.328344376,54340.3652921933,2,38424.440790264,"guamecycline","tetracycline"
"itraconazole","1","2022-10",192488.62128444,68157.4253199319,2,48194.5776319395,"itraconazole","antifungal"
"itraconazole","29","2022-09",121523.051273554,7492.29027995891,2,5297.849263577,"itraconazole","antifungal"
"itraconazole","29","2022-11",130397.286751433,25027.1566471256,2,17696.8721790005,"itraconazole","antifungal"
"k 252a","1","2022-09",115479.538438629,14833.8978002048,2,10489.149725953,NA,"unknown"
"k 252a","1","2022-11",166897.43210552,27725.524380092,2,19604.906301116,NA,"unknown"
"k 252a","1","2023-06",145502.493480504,11683.5302378715,2,8261.503459397,NA,"unknown"
"k 252a","29","2023-03",217705.9901009,21006.5169290652,2,14853.850569652,NA,"unknown"
"kalamycin","1","2022-12",205663.223917312,115869.843392323,2,81932.351997735,NA,"unknown"
"kalamycin","29","2023-07",283417.614149713,30616.2995731074,2,21648.993042983,NA,"unknown"
"kanamycin","1","2023-05",674815.87340323,152887.299124795,2,108107.645968439,"kanamycin","aminoglycoside"
"ketoconazole","1","2023-04",18284056.4621539,9713870.0612222,2,6868743.3918552,"ketoconazole","antifungal"
"ketoconazole","1","2023-05",1698767.38240601,248131.384807236,2,175455.384822405,"ketoconazole","antifungal"
"ketoconazole","1","2023-06",6459607.5471245,1323564.12912797,2,935901.171041655,"ketoconazole","antifungal"
"ketoconazole","29","2023-01",3210569.15683972,519752.536091528,2,367520.542809225,"ketoconazole","antifungal"
"ketoconazole","29","2023-07",5635911.40943049,291975.395990677,2,206457.782444635,"ketoconazole","antifungal"
"lanopepden","29","2023-03",3461934.13394529,1321203.49253104,2,934231.94889605,NA,"unknown"
"levofloxacin","1","2022-09",762214.391198211,176721.026781336,2,124960.636415332,"floxacin","quinolone"
"levofloxacin","1","2022-09",762214.391198211,176721.026781336,2,124960.636415332,"levofloxacin","quinolone"
"levofloxacin","1","2022-09",762214.391198211,176721.026781336,2,124960.636415332,"ofloxacin","quinolone"
"lincomycin b","29","2023-06",456503.051507584,283549.791690151,2,200499.980508138,"lincomycin","mlsb"
"losalen","29","2023-07",393283.119831618,29977.9118406994,2,21197.584748371,NA,"unknown"
"marbofloxacin","1","2022-09",1152382.1637738,19104.6217146178,2,13509.00756641,"floxacin","quinolone"
"marbofloxacin","1","2022-09",1152382.1637738,19104.6217146178,2,13509.00756641,"marbofloxacin","quinolone"
"marbofloxacin","1","2022-09",1152382.1637738,19104.6217146178,2,13509.00756641,"ofloxacin","quinolone"
"marbofloxacin","29","2022-10",351431.999362127,242876.509365155,2,171739.626763019,"floxacin","quinolone"
"marbofloxacin","29","2022-10",351431.999362127,242876.509365155,2,171739.626763019,"marbofloxacin","quinolone"
"marbofloxacin","29","2022-10",351431.999362127,242876.509365155,2,171739.626763019,"ofloxacin","quinolone"
"marbofloxacin","29","2023-01",497684.460096813,66449.7212839159,2,46987.048527813,"floxacin","quinolone"
"marbofloxacin","29","2023-01",497684.460096813,66449.7212839159,2,46987.048527813,"marbofloxacin","quinolone"
"marbofloxacin","29","2023-01",497684.460096813,66449.7212839159,2,46987.048527813,"ofloxacin","quinolone"
"marbofloxacin","29","2023-04",619222.455949034,249758.40010536,2,176605.858372803,"floxacin","quinolone"
"marbofloxacin","29","2023-04",619222.455949034,249758.40010536,2,176605.858372803,"marbofloxacin","quinolone"
"marbofloxacin","29","2023-04",619222.455949034,249758.40010536,2,176605.858372803,"ofloxacin","quinolone"
"mecillinam","1","2022-09",175776.08615408,42301.3609431279,2,29911.5791763055,"cillin","beta-lactam"
"mecillinam","1","2022-11",185404.610656897,3071.84406025934,2,2172.12176575699,"cillin","beta-lactam"
"mecillinam","29","2022-09",217160.215424133,84085.4896636114,2,59457.419940531,"cillin","beta-lactam"
"mecillinam","29","2023-02",182587.76218817,114686.718815471,2,81095.7565864545,"cillin","beta-lactam"
"mecillinam","29","2023-07",1461315.07281788,588622.45921385,2,416218.932468815,"cillin","beta-lactam"
"menogaril","29","2023-01",106397.211964104,3147.5627316567,2,2225.66295176451,NA,"unknown"
"methyl 6 formyl 4 7 9 trihydroxy 1 phenazinecarboxylate","1","2022-11",113665.125836893,11526.5605439219,2,8150.5091243645,NA,"unknown"
"metocurine","29","2022-09",243883.110313602,180826.003859974,2,127863.293544252,NA,"unknown"
"mezlocillin","1","2022-10",596517.923676856,261073.122467568,2,184606.575282363,"cillin","beta-lactam"
"miconazole","1","2022-09",4902776.54740917,2965218.2524174,2,2096725.93398247,"miconazole","antifungal"
"miconazole","29","2022-09",471923.744623718,213660.505977218,2,151080.79264824,"miconazole","antifungal"
"miconazole","29","2023-01",1467052.22838071,299556.484402543,2,211818.42146944,"miconazole","antifungal"
"miconazole","29","2023-03",5093041.37620585,865441.626768697,4,432720.813384349,"miconazole","antifungal"
"miconazole","29","2023-04",3424557.0456111,719331.374432528,2,508644.09278148,"miconazole","antifungal"
"miconazole","29","2023-07",5228901.55395189,125850.558887234,2,88989.7836052799,"miconazole","antifungal"
"monensin","1","2023-04",19683561.7056652,7234704.06318948,2,5115708.30295915,"monensin","polyketide"
"mupirocin","1","2022-09",808437.071846343,305247.939192835,4,152623.969596417,"mupirocin","other"
"mupirocin","1","2022-10",742660.243014758,79806.8465923999,2,56431.9624106005,"mupirocin","other"
"mupirocin","1","2022-12",961803.463605626,246518.671986949,2,174315.024651074,"mupirocin","other"
"mupirocin","1","2023-02",3036080.87056337,1046559.97360827,4,523279.986804137,"mupirocin","other"
"mupirocin","1","2023-04",1756383.46894024,751856.763671699,2,531643.01607323,"mupirocin","other"
"mupirocin","1","2023-06",2152556.01795737,485579.273427554,2,343356.39704426,"mupirocin","other"
"mupirocin","29","2022-09",1352627.63076326,549407.883937207,2,388490.04036935,"mupirocin","other"
"mupirocin","29","2023-01",3057331.16096244,890229.26894004,2,629487.152878245,"mupirocin","other"
"mupirocin","29","2023-02",2275952.87938718,491427.67608266,2,347491.842220795,"mupirocin","other"
"mupirocin","29","2023-03",912385.19906357,3907.86088350705,2,2763.27493066149,"mupirocin","other"
"mupirocin","29","2023-04",2862294.13692493,2184590.79240587,4,1092295.39620293,"mupirocin","other"
"mupirocin","29","2023-07",1586659.17822141,444211.837276085,2,314105.202421255,"mupirocin","other"
"n 4 4 4 trifluoro 3 oxo 1 phenylbutan 2 yl ethanimidic acid","1","2023-04",246255.891893594,89430.6680937117,2,63237.031855107,NA,"unknown"
"n 4 4 4 trifluoro 3 oxo 1 phenylbutan 2 yl ethanimidic acid","29","2023-03",283708.778364628,106284.684722845,2,75154.621303798,NA,"unknown"
"n 6 aminohexyl 5 chlor 1 naphthalensulfonamid","1","2022-09",485599.801567254,191661.5021528,4,95830.7510763999,"sulf","sulfonamide"
"n 6 aminohexyl 5 chlor 1 naphthalensulfonamid","1","2022-11",698681.984097168,613889.206650537,4,306944.603325269,"sulf","sulfonamide"
"n 6 aminohexyl 5 chlor 1 naphthalensulfonamid","29","2022-09",296266.558895871,92904.0079529049,2,65693.054022908,"sulf","sulfonamide"
"n allyl 6 diazo 5 oxonorleucyl 6 diazo 5 oxonorleucine","1","2022-09",187043.590790899,35599.6407207174,2,25172.747361424,NA,"unknown"
"n allyl 6 diazo 5 oxonorleucyl 6 diazo 5 oxonorleucine","1","2022-11",656658.621173796,230826.475587987,2,163218.966165656,NA,"unknown"
"n allyl 6 diazo 5 oxonorleucyl 6 diazo 5 oxonorleucine","1","2022-12",972457.48622902,313124.945935326,2,221412.77262954,NA,"unknown"
"n allyl 6 diazo 5 oxonorleucyl 6 diazo 5 oxonorleucine","29","2022-09",3924218.93816538,4893225.19220937,4,2446612.59610469,NA,"unknown"
"n allyl 6 diazo 5 oxonorleucyl 6 diazo 5 oxonorleucine","29","2023-01",1183745.13883921,308282.887575218,2,217988.920328207,NA,"unknown"
"n allyl 6 diazo 5 oxonorleucyl 6 diazo 5 oxonorleucine","29","2023-02",515699.805048835,237585.865806846,4,118792.932903423,NA,"unknown"
"n2 4s 4as 6s 12as 4 dimethylamino 3 6 10 12 12a pentahydroxy 6 methyl 1 11 dioxo 1 4 4a 5 5a 6 11 12a octahydro 2 tetracenyl carbonyl amino methyl l lysine","29","2023-03",1154840.95174767,265685.888449527,2,187868.293388233,NA,"unknown"
"n4 acetylsulfadiazine","29","2023-03",155483.295835064,29248.0947631527,2,20681.526143812,"sulf","sulfonamide"
"n4 acetylsulfamethazine","1","2023-02",304776.118678486,84271.3341133422,2,59588.8318111815,"sulf","sulfonamide"
"n4 acetylsulfamethazine","1","2023-04",261588.990742547,116892.910770422,2,82655.7698783995,"sulf","sulfonamide"
"n4 acetylsulfamethazine","29","2023-03",341302.528886997,122629.504038762,2,86712.1538793515,"sulf","sulfonamide"
"nanafrocin","29","2023-03",324408.669255705,27477.1293514568,2,19429.264491955,NA,"unknown"
"nanafrocin","29","2023-07",119259.214833528,21838.589329113,2,15442.214606164,NA,"unknown"
"netilmicin","1","2022-11",933970.887672627,81891.0704284138,2,57905.7312185565,"netilmicin","aminoglycoside"
"netilmicin","29","2022-09",275595.658999686,132378.510629113,2,93605.742549221,"netilmicin","aminoglycoside"
"netilmicin","29","2023-07",312954.085218122,108531.056846038,2,76743.046265176,"netilmicin","aminoglycoside"
"netropsin","29","2023-03",400447.228919463,140948.139928904,2,99665.3855393585,NA,"unknown"
"nocardamine","1","2023-04",40604708.3770877,2890366.02144784,2,2043797.41387695,NA,"unknown"
"ochratoxin a","29","2023-03",1046368.96608565,358120.61200666,2,253229.513232586,NA,"unknown"
"ormetoprim","1","2022-09",1762030.64950902,1203815.85589695,12,347511.704228421,NA,"unknown"
"ormetoprim","1","2022-11",1814673.63805628,616724.241377324,2,436089.893200035,NA,"unknown"
"panipenem","1","2022-10",126141.26228589,20890.6388964433,2,14771.9124269945,"penem","beta-lactam"
"pefloxacin","1","2022-11",3395599.54137269,110370.809821863,2,78043.94807009,"floxacin","quinolone"
"pefloxacin","1","2022-12",1117912.67506734,251249.623772728,2,177660.312740265,"floxacin","quinolone"
"pefloxacin","1","2023-02",217838.724281564,142398.746267167,2,100691.119117976,"floxacin","quinolone"
"pefloxacin","1","2023-04",313084.892295295,79314.7127995394,4,39657.3563997697,"floxacin","quinolone"
"pefloxacin","1","2023-05",209531.690728227,64632.706246675,2,45702.224873462,"floxacin","quinolone"
"pefloxacin","29","2022-10",3334660.79834103,1100218.41011303,2,777971.898577205,"floxacin","quinolone"
"pefloxacin","29","2022-11",2227882.45442488,272326.428759461,2,192563.86447213,"floxacin","quinolone"
"pefloxacin","29","2023-01",257785.271727602,69268.8546369846,2,48980.476838837,"floxacin","quinolone"
"pefloxacin","29","2023-06",156340.621534156,47776.0465732049,2,33782.7665101975,"floxacin","quinolone"
"penicillin bt","1","2023-05",175991.048723418,43948.5291833441,2,31076.3030087175,"cillin","beta-lactam"
"pikromycin amaromycin","1","2022-11",462640.19354412,270589.052084598,2,191335.353643859,NA,"unknown"
"pipemidic acid","1","2022-11",706900.45167084,26834.6410666935,2,18974.956668966,NA,"unknown"
"pipemidic acid","1","2023-05",566395.870311375,83784.5986627707,2,59244.6578734385,NA,"unknown"
"pipemidic acid","29","2022-09",447369.091562467,260593.754744808,2,184267.611114918,NA,"unknown"
"pipemidic acid","29","2022-10",390457.77613813,144497.360048351,2,102175.063153743,NA,"unknown"
"pipemidic acid","29","2023-03",610655.937737609,405208.225426668,2,286525.483991764,NA,"unknown"
"pipemidic acid","29","2023-06",323317.820309158,227546.061295828,2,160899.36297457,NA,"unknown"
"pirarubicin","1","2022-12",184466.504121368,91518.8425303892,2,64713.594159582,NA,"unknown"
"pirlimycin","1","2022-09",1276300.9077987,558827.002123037,2,395150.362711348,NA,"unknown"
"pirlimycin","1","2022-10",1352615.33329367,700941.503490331,2,495640.490333107,NA,"unknown"
"pirlimycin","1","2023-04",1172076.49874718,655171.296784885,6,267472.561873421,NA,"unknown"
"pirlimycin","1","2023-05",742570.721736789,77428.7467715253,2,54750.3919009215,NA,"unknown"
"pirlimycin","1","2023-06",1730153.52730327,207280.199874009,2,146569.234936615,NA,"unknown"
"pirlimycin","29","2022-09",1631524.69597331,825930.953398292,6,337184.899766041,NA,"unknown"
"pirlimycin","29","2023-02",294815.802933357,122101.173541977,4,61050.5867709883,NA,"unknown"
"pirlimycin","29","2023-03",988780.33625025,519547.77122319,4,259773.885611595,NA,"unknown"
"pirlimycin","29","2023-04",847349.996261997,730375.71501863,4,365187.857509315,NA,"unknown"
"pirlimycin","29","2023-06",1262793.87057156,604112.349668458,2,427171.939049105,NA,"unknown"
"pirlimycin","29","2023-07",381412.398282606,133782.414565587,2,94598.4525428365,NA,"unknown"
"piromidic acid","1","2022-09",738984.128555347,95524.9703017712,2,67546.354273026,NA,"unknown"
"piromidic acid","1","2022-11",3543257.07057175,2484060.17157041,18,585498.597397618,NA,"unknown"
"piromidic acid","1","2023-02",1093574.0110187,466599.845073146,2,329935.914551814,NA,"unknown"
"piromidic acid","1","2023-04",463602.165123302,111724.493172775,2,79001.1467470995,NA,"unknown"
"piromidic acid","29","2022-09",819665.540195237,161478.230920717,2,114182.352098046,NA,"unknown"
"piromidic acid","29","2023-01",563413.678779767,63221.2141116813,2,44704.1492132165,NA,"unknown"
"piromidic acid","29","2023-02",4146012.86177949,1040073.25026843,2,735442.84819554,NA,"unknown"
"piromidic acid","29","2023-03",611920.687425676,180170.860989801,2,127400.037578107,NA,"unknown"
"prontoglucal","29","2023-01",339173.407181191,55758.2939278027,2,39427.067743742,NA,"unknown"
"quindoxin","29","2023-01",364635.355799386,179632.8605878,2,127019.613845571,NA,"unknown"
"r flecainide","1","2022-12",3083719.33364972,1029675.17115661,2,728090.29594426,NA,"unknown"
"r flecainide","1","2023-02",2172319.8370014,814924.612439077,2,576238.71961149,NA,"unknown"
"r flecainide","1","2023-04",5006063.25356581,2555528.53569438,2,1807031.55710522,NA,"unknown"
"r flecainide","1","2023-05",1272574.13252271,1279294.5206598,4,639647.260329902,NA,"unknown"
"r flecainide","1","2023-06",4330677.50825171,1160692.63698499,2,820733.63448538,NA,"unknown"
"r flecainide","29","2022-10",3748073.92202748,1690031.08801576,2,1195032.44275202,NA,"unknown"
"r flecainide","29","2022-11",2702995.34246889,748749.511154501,2,529445.85674746,NA,"unknown"
"r flecainide","29","2023-01",4645929.9136346,919701.868910605,2,650327.42817663,NA,"unknown"
"r flecainide","29","2023-02",2957137.1135015,1144088.31829954,2,808992.608145915,NA,"unknown"
"r flecainide","29","2023-03",5193387.59623361,2198567.21246224,4,1099283.60623112,NA,"unknown"
"r flecainide","29","2023-04",4099925.62490508,1298093.59623433,2,917890.78451213,NA,"unknown"
"r flecainide","29","2023-06",3954077.09534846,1179478.16258816,2,834017.007027535,NA,"unknown"
"r flecainide","29","2023-07",7469670.11686815,696608.320468269,2,492576.467234085,NA,"unknown"
"remikiren","29","2022-11",668181.972965788,24399.3901740702,2,17252.9742489015,NA,"unknown"
"remikiren","29","2023-03",493095.803338683,79962.6128967941,2,56542.105820718,NA,"unknown"
"resorcinomycin b","29","2023-03",1246220.12929279,478036.82012694,2,338023.077168613,NA,"unknown"
"resorcinomycin b","29","2023-07",465138.257676074,222024.921977523,2,156995.327922721,NA,"unknown"
"ribostamycin","1","2023-05",762326.039529131,226136.992017378,2,159903.000532616,NA,"unknown"
"ricolinostat","29","2022-09",1610112.56538734,712876.290113105,2,504079.658886085,NA,"unknown"
"rifabutin","29","2023-03",1025799.18188373,1180386.69120246,2,834659.433771613,"rifabutin","tuberculosis"
"rpr128515","1","2023-06",215287.892880414,35471.4889620177,2,25082.1303838265,NA,"unknown"
"rpr128515","29","2023-06",121425.135065115,748.21592102214,2,529.068551546494,NA,"unknown"
"rufloxacin","1","2022-10",1156069.14267936,301515.531887086,2,213203.677230427,"floxacin","quinolone"
"rufloxacin","1","2022-12",1070717.79957631,202670.892162488,2,143309.962197222,"floxacin","quinolone"
"rufloxacin","29","2022-10",300536.02030875,75787.2236986327,2,53589.659804605,"floxacin","quinolone"
"rufloxacin","29","2023-01",169679.343375256,10527.7379524884,2,7444.2348967595,"floxacin","quinolone"
"rufloxacin","29","2023-03",420321.957505381,67023.6926667768,2,47392.907584841,"floxacin","quinolone"
"rufloxacin","29","2023-07",386333.210482544,6468.35811147855,2,4573.81988376949,"floxacin","quinolone"
"sancycline","1","2022-12",635073.146246449,275515.956418664,2,194819.201108734,NA,"unknown"
"sordarin","1","2022-10",1453786.40671566,777261.503746393,2,549606.880054328,NA,"unknown"
"sordarin","1","2022-11",1499153.09795719,284690.643870062,2,201306.684820885,NA,"unknown"
"sordarin","1","2023-02",1358035.52685025,844285.679637512,2,597000.129330377,NA,"unknown"
"sordarin","1","2023-04",1680119.08501955,2021243.43342118,4,1010621.71671059,NA,"unknown"
"sordarin","1","2023-05",951080.192563566,48715.1700066943,2,34446.827058389,NA,"unknown"
"sordarin","1","2023-06",1567825.20760892,665218.494225365,2,470380.50823746,NA,"unknown"
"sordarin","29","2022-10",1623816.52617098,879477.475143264,2,621884.486574625,NA,"unknown"
"sordarin","29","2023-01",1505930.03162193,360085.073713658,2,254618.597426985,NA,"unknown"
"sordarin","29","2023-02",1075483.19613844,308805.908225487,2,218358.751776713,NA,"unknown"
"sordarin","29","2023-03",1482161.72748862,607617.905871085,6,248058.971327103,NA,"unknown"
"sordarin","29","2023-04",1322189.78199507,491674.742729908,2,347666.544722469,NA,"unknown"
"sulfadiazine","1","2022-10",219163.328305089,111314.909150101,2,78711.527107201,"sulf","sulfonamide"
"sulfadiazine","1","2023-02",235025.234135988,134157.195573476,2,94863.4627349745,"sulf","sulfonamide"
"sulfadiazine","29","2023-01",393953.038700913,178836.182673028,2,126456.277489614,"sulf","sulfonamide"
"sulfadicramide","29","2023-04",282172.595134564,164342.961398704,2,116208.022445303,"sulf","sulfonamide"
"sulfadimethoxine","1","2022-09",2455959.38074201,2334466.84176052,8,825358.667132002,"sulf","sulfonamide"
"sulfadimethoxine","1","2022-10",6721059.72679759,3675475.21060928,2,2598953.44550487,"sulf","sulfonamide"
"sulfadimethoxine","1","2022-11",3338995.71174741,2185731.8381515,4,1092865.91907575,"sulf","sulfonamide"
"sulfadimethoxine","1","2022-12",8375409.5344712,3698612.92814802,2,2615314.28247769,"sulf","sulfonamide"
"sulfadimethoxine","1","2023-02",8604523.59651783,2700819.30810835,2,1909767.64752297,"sulf","sulfonamide"
"sulfadimethoxine","1","2023-05",517911.845522292,47232.9810194279,2,33398.761174493,"sulf","sulfonamide"
"sulfadimethoxine","1","2023-06",547077.334303591,127258.322129604,2,89985.222540265,"sulf","sulfonamide"
"sulfadimethoxine","29","2022-09",6554557.56013619,3389483.80828223,2,2396726.98555837,"sulf","sulfonamide"
"sulfadimethoxine","29","2022-10",8393894.54214412,4276452.11353661,2,3023908.28890128,"sulf","sulfonamide"
"sulfadimethoxine","29","2022-11",6541542.90840525,2703587.62476901,2,1911725.1430062,"sulf","sulfonamide"
"sulfadimethoxine","29","2023-01",13385250.3068958,6358209.56933134,2,4495933.10267939,"sulf","sulfonamide"
"sulfadimethoxine","29","2023-02",1598674.56966262,377039.022419832,2,266606.84952501,"sulf","sulfonamide"
"sulfadimethoxine","29","2023-03",1401209.62790852,1021009.31658137,4,510504.658290683,"sulf","sulfonamide"
"sulfadimethoxine","29","2023-04",493225.286296012,214481.798983833,2,151661.534502558,"sulf","sulfonamide"
"sulfadimethoxine","29","2023-06",731477.863711065,99619.1343464627,2,70441.3654323175,"sulf","sulfonamide"
"sulfadimethoxine","29","2023-07",501510.872777165,132941.971946468,2,94004.1698676595,"sulf","sulfonamide"
"sulfamerazine","1","2022-09",650300.438885921,206262.212655723,2,145849.409271403,"sulf","sulfonamide"
"sulfamerazine","1","2022-10",894765.529408744,427492.996560414,2,302283.196777626,"sulf","sulfonamide"
"sulfamerazine","1","2022-11",738130.049378364,194854.521380533,2,137782.953413034,"sulf","sulfonamide"
"sulfamerazine","1","2022-12",935057.737679546,410349.648678202,2,290161.019237874,"sulf","sulfonamide"
"sulfamerazine","1","2023-02",573298.377453216,157823.5859851,2,111598.127881243,"sulf","sulfonamide"
"sulfamerazine","1","2023-04",575004.922164389,284420.94777806,2,201115.980885371,"sulf","sulfonamide"
"sulfamerazine","1","2023-06",763724.382901339,212539.497438058,2,150288.119908432,"sulf","sulfonamide"
"sulfamerazine","29","2022-09",1012545.37381492,391426.061020113,2,276780.022080461,"sulf","sulfonamide"
"sulfamerazine","29","2022-11",718806.321096621,140936.189798708,2,99656.9355212605,"sulf","sulfonamide"
"sulfamerazine","29","2023-02",535210.671015664,159484.096128197,2,112772.285863656,"sulf","sulfonamide"
"sulfamerazine","29","2023-03",479150.700222204,242561.018995638,4,121280.509497819,"sulf","sulfonamide"
"sulfamerazine","29","2023-06",441801.077523464,128207.650418177,2,90656.4990106875,"sulf","sulfonamide"
"sulfamerazine","29","2023-07",511749.42837917,99262.3123325377,2,70189.0541665945,"sulf","sulfonamide"
"sulfameter sulfamethoxydiazine","1","2022-09",1003933.14663512,191336.690406906,2,135295.471276515,"sulf","sulfonamide"
"sulfameter sulfamethoxydiazine","1","2022-10",603950.356099499,150579.452452917,2,106475.751936815,"sulf","sulfonamide"
"sulfameter sulfamethoxydiazine","1","2022-11",802203.278600223,322585.697029271,2,228102.533883186,"sulf","sulfonamide"
"sulfameter sulfamethoxydiazine","1","2022-12",644521.858807288,221628.346399514,4,110814.173199757,"sulf","sulfonamide"
"sulfameter sulfamethoxydiazine","1","2023-02",505784.925809062,193009.066734731,4,96504.5333673654,"sulf","sulfonamide"
"sulfameter sulfamethoxydiazine","1","2023-04",268131.273407135,2883.71444874822,2,2039.09404171549,"sulf","sulfonamide"
"sulfameter sulfamethoxydiazine","1","2023-05",949395.920682154,712566.321310198,4,356283.160655099,"sulf","sulfonamide"
"sulfameter sulfamethoxydiazine","1","2023-06",491511.473519671,73021.133024165,4,36510.5665120825,"sulf","sulfonamide"
"sulfameter sulfamethoxydiazine","29","2022-09",652940.03188482,155648.197900323,4,77824.0989501615,"sulf","sulfonamide"
"sulfameter sulfamethoxydiazine","29","2022-10",675134.003713688,238255.3571999,4,119127.67859995,"sulf","sulfonamide"
"sulfameter sulfamethoxydiazine","29","2022-11",540165.033481362,383246.882039705,4,191623.441019853,"sulf","sulfonamide"
"sulfameter sulfamethoxydiazine","29","2023-02",254775.511523545,50294.9775504622,2,35563.919685557,"sulf","sulfonamide"
"sulfameter sulfamethoxydiazine","29","2023-03",475138.012488421,128025.927402125,2,90528.001433739,"sulf","sulfonamide"
"sulfameter sulfamethoxydiazine","29","2023-04",225722.756195299,72730.6147781968,2,51428.3109095295,"sulf","sulfonamide"
"sulfameter sulfamethoxydiazine","29","2023-06",182365.11315153,66240.4996702124,2,46839.1065059925,"sulf","sulfonamide"
"sulfapyridine","1","2022-09",1775274.07599339,526377.431324436,2,372205.051153065,"sulf","sulfonamide"
"sulfapyridine","1","2022-10",2524685.0988218,1227631.17021877,2,868066.32525767,"sulf","sulfonamide"
"sulfapyridine","1","2022-11",2322145.91050889,728881.748189209,2,515397.226827695,"sulf","sulfonamide"
"sulfapyridine","1","2022-12",1372420.08262868,584263.546559641,2,413136.715772424,"sulf","sulfonamide"
"sulfapyridine","1","2023-02",879151.337974404,363481.21547324,2,257020.032295056,"sulf","sulfonamide"
"sulfapyridine","1","2023-04",886264.359542593,339254.841361902,2,239889.398877367,"sulf","sulfonamide"
"sulfapyridine","1","2023-05",2042956.20823921,206550.902002343,2,146053.543466055,"sulf","sulfonamide"
"sulfapyridine","1","2023-06",1712084.05501038,622323.328311636,2,440049.04553974,"sulf","sulfonamide"
"sulfapyridine","29","2022-09",763341.374589648,296378.07828074,2,209570.948947348,"sulf","sulfonamide"
"sulfapyridine","29","2022-10",1019505.15230645,533557.24894292,2,377281.948878778,"sulf","sulfonamide"
"sulfapyridine","29","2022-11",653098.209718248,218599.250660855,2,154573.012504588,"sulf","sulfonamide"
"sulfapyridine","29","2023-01",391998.353555472,108151.178234792,2,76474.4315231365,"sulf","sulfonamide"
"sulfapyridine","29","2023-02",603396.615025005,284834.397705032,2,201408.334132414,"sulf","sulfonamide"
"sulfapyridine","29","2023-03",976469.376795703,377399.629282897,4,188699.814641448,"sulf","sulfonamide"
"sulfapyridine","29","2023-04",2313466.7328353,1135672.43678168,2,803041.68125498,"sulf","sulfonamide"
"sulfapyridine","29","2023-06",545254.197946841,235253.618382087,2,166349.428856646,"sulf","sulfonamide"
"sulfapyridine","29","2023-07",861096.514386334,181562.929339435,2,128384.378548008,"sulf","sulfonamide"
"sultamicillin","1","2022-09",809502.370235564,152743.115514035,2,108005.692759534,"cillin","beta-lactam"
"sultamicillin","1","2022-10",1183942.49729001,127468.260261453,2,90133.6712169249,"cillin","beta-lactam"
"sultamicillin","1","2022-11",671732.895639966,130078.360491304,2,91979.2907890295,"cillin","beta-lactam"
"sultamicillin","1","2022-12",576992.67031275,72192.5089475484,2,51047.812627682,"cillin","beta-lactam"
"sultamicillin","1","2023-02",358884.525251245,102472.308895224,2,72458.8645036555,"cillin","beta-lactam"
"sultamicillin","1","2023-04",207968.563032112,66053.6883736006,2,46707.010971356,"cillin","beta-lactam"
"sultamicillin","1","2023-06",389016.587801012,100765.729183436,2,71252.130416815,"cillin","beta-lactam"
"sultamicillin","29","2022-09",723571.294864893,156968.958878561,2,110993.815258823,"cillin","beta-lactam"
"sultamicillin","29","2022-10",885387.457213306,74661.6264559957,2,52793.7423614515,"cillin","beta-lactam"
"sultamicillin","29","2022-11",853694.713740757,122214.758448399,2,86418.8844599385,"cillin","beta-lactam"
"sultamicillin","29","2023-02",131264.454239919,39764.3200665001,2,28117.6203682945,"cillin","beta-lactam"
"sultamicillin","29","2023-03",282702.760196405,65959.1700864619,4,32979.5850432309,"cillin","beta-lactam"
"sultamicillin","29","2023-04",414872.047123678,71572.456918865,2,50609.3696335115,"cillin","beta-lactam"
"sultamicillin","29","2023-06",208566.154668313,30482.6951907325,2,21554.5204782095,"cillin","beta-lactam"
"sultamicillin","29","2023-07",408319.403257999,76062.3067218284,2,53784.172875696,"cillin","beta-lactam"
"tamoxifen btm03715","1","2022-09",341645.949613274,50840.2208835668,2,35949.464943792,NA,"unknown"
"tamoxifen btm03715","1","2023-04",530085.680314532,101726.438835844,2,71931.454726784,NA,"unknown"
"tamoxifen btm03715","29","2023-03",444399.003439558,45209.3264494345,2,31967.8213052715,NA,"unknown"
"tazobactam","1","2022-09",757587.098734285,320720.168997696,2,226783.406361566,NA,"unknown"
"tazobactam","1","2022-10",615027.235329926,301073.861415881,2,212891.369045189,NA,"unknown"
"tazobactam","1","2022-11",774977.825467767,257491.690870172,6,105120.542606397,NA,"unknown"
"tazobactam","1","2022-12",428495.33418406,178156.25111201,2,125975.493272076,NA,"unknown"
"tazobactam","1","2023-02",117352.522101318,10100.7828283438,2,7142.3320332145,NA,"unknown"
"tazobactam","1","2023-04",289811.05689181,82317.4192283561,2,58207.2053461465,NA,"unknown"
"tazobactam","1","2023-06",425636.791473478,205296.113479781,2,145166.273992796,NA,"unknown"
"tazobactam","29","2022-09",398337.201442735,315540.918478448,4,157770.459239224,NA,"unknown"
"tazobactam","29","2022-11",664406.525851654,238555.874944151,2,168684.476864899,NA,"unknown"
"tazobactam","29","2023-01",552534.23055516,175740.838542974,2,124267.538665147,NA,"unknown"
"tazobactam","29","2023-04",208525.876814327,110267.077071861,2,77970.5979391325,NA,"unknown"
"tazobactam","29","2023-06",301935.472427142,111575.586702323,2,78895.8539720805,NA,"unknown"
"temafloxacin","29","2023-03",119610.339583867,8146.43968358408,2,5760.4027427895,"floxacin","quinolone"
"temafloxacin","29","2023-03",119610.339583867,8146.43968358408,2,5760.4027427895,"temafloxacin","quinolone"
"temafloxacin","29","2023-07",253910.543262342,12408.941541251,2,8774.44671116601,"floxacin","quinolone"
"temafloxacin","29","2023-07",253910.543262342,12408.941541251,2,8774.44671116601,"temafloxacin","quinolone"
"thiabendazole","1","2022-09",3053255.29486355,1595004.52632027,2,1127838.5165843,NA,"unknown"
"thiabendazole","1","2022-10",3750494.10466744,2715039.5841853,2,1919822.90116733,NA,"unknown"
"thiabendazole","1","2022-11",1851655.1607146,1077715.88877298,2,762060.21314386,NA,"unknown"
"thiabendazole","1","2022-12",4975549.51499981,3009106.89280305,2,2127759.88921622,NA,"unknown"
"thiabendazole","1","2023-02",2171171.80177537,1371073.86995309,2,969495.63095151,NA,"unknown"
"thiabendazole","1","2023-04",3870546.17079597,2933512.90486026,2,2074306.86772493,NA,"unknown"
"thiabendazole","1","2023-05",2254353.62247716,267009.97534248,2,188804.56420912,NA,"unknown"
"thiabendazole","1","2023-06",2560977.00297591,1112570.41580966,2,786706.08556655,NA,"unknown"
"thiabendazole","29","2022-09",5640919.04003463,3784884.08511244,2,2676317.20258805,NA,"unknown"
"thiabendazole","29","2022-11",2392947.38913315,1228752.79884439,2,868859.436464815,NA,"unknown"
"thiabendazole","29","2023-01",4313754.10217565,2143363.66933603,2,1515586.98513639,NA,"unknown"
"thiabendazole","29","2023-02",3067544.77964624,2325458.11279783,2,1644347.20092461,NA,"unknown"
"thiabendazole","29","2023-03",3147965.76657245,1188549.18665608,4,594274.593328038,NA,"unknown"
"thiabendazole","29","2023-04",3345426.95118703,2357506.91776025,2,1667009.12824247,NA,"unknown"
"thiabendazole","29","2023-06",1839559.8519375,1084022.34435666,2,766519.550652335,NA,"unknown"
"thiabendazole","29","2023-07",4330911.85848443,1310815.89291421,2,926886.80676674,NA,"unknown"
"trimethoprim","1","2022-10",425860.392923011,149122.169823111,2,105445.297507174,"trimethoprim","trimethoprim"
"trimethoprim","1","2022-11",161333.929820944,26975.9824024332,2,19074.9000859295,"trimethoprim","trimethoprim"
"trimethoprim","1","2022-12",406061.359332194,81758.3717572172,2,57811.899088299,"trimethoprim","trimethoprim"
"trimethoprim","1","2023-02",343639.540695676,117576.059576108,2,83138.8290314595,"trimethoprim","trimethoprim"
"trimethoprim","1","2023-04",335144.266805814,73339.3834786838,2,51858.775385818,"trimethoprim","trimethoprim"
"trimethoprim","1","2023-05",450782.069119992,14023.5199483739,2,9916.1260516,"trimethoprim","trimethoprim"
"trimethoprim","1","2023-06",227407.837574718,46709.6746580032,2,33028.7276976915,"trimethoprim","trimethoprim"
"trimethoprim","29","2022-10",156003.888861961,69809.8921930712,2,49363.0481636225,"trimethoprim","trimethoprim"
"trimethoprim","29","2023-02",350966.572622327,104695.369038775,2,74030.805406146,"trimethoprim","trimethoprim"
"trimethoprim","29","2023-03",375572.829896106,71043.3957226321,2,50235.2668739925,"trimethoprim","trimethoprim"
"trimethoprim","29","2023-04",240236.930664676,48204.9904038291,2,34086.07560158,"trimethoprim","trimethoprim"
"trimethoprim","29","2023-06",260291.198425337,59880.7578738244,2,42342.089955171,"trimethoprim","trimethoprim"
"trospectomycin","29","2023-03",1099827.39836126,237010.065988093,2,167591.424869652,NA,"unknown"
"trovafloxacin","1","2022-10",2349269.17820987,2717546.67211455,4,1358773.33605727,"floxacin","quinolone"
"trovafloxacin","1","2022-10",2349269.17820987,2717546.67211455,4,1358773.33605727,"trovafloxacin","quinolone"
"trovafloxacin","1","2022-11",2480851.71889722,669002.613941789,2,473056.284949765,"floxacin","quinolone"
"trovafloxacin","1","2022-11",2480851.71889722,669002.613941789,2,473056.284949765,"trovafloxacin","quinolone"
"trovafloxacin","1","2022-12",829353.539899919,183727.015701415,2,129914.618689638,"floxacin","quinolone"
"trovafloxacin","1","2022-12",829353.539899919,183727.015701415,2,129914.618689638,"trovafloxacin","quinolone"
"trovafloxacin","1","2023-04",584676.603267808,17410.6797486066,2,12311.209715307,"floxacin","quinolone"
"trovafloxacin","1","2023-04",584676.603267808,17410.6797486066,2,12311.209715307,"trovafloxacin","quinolone"
"trovafloxacin","1","2023-06",958411.69149305,244690.102369069,2,173022.0306744,"floxacin","quinolone"
"trovafloxacin","1","2023-06",958411.69149305,244690.102369069,2,173022.0306744,"trovafloxacin","quinolone"
"trovafloxacin","29","2022-09",565277.682568026,203779.493216009,2,144093.861519798,"floxacin","quinolone"
"trovafloxacin","29","2022-09",565277.682568026,203779.493216009,2,144093.861519798,"trovafloxacin","quinolone"
"trovafloxacin","29","2022-11",5557735.49038662,953180.722879281,2,674000.552844235,"floxacin","quinolone"
"trovafloxacin","29","2022-11",5557735.49038662,953180.722879281,2,674000.552844235,"trovafloxacin","quinolone"
"trovafloxacin","29","2023-01",933906.531851547,178333.422145341,2,126100.772111174,"floxacin","quinolone"
"trovafloxacin","29","2023-01",933906.531851547,178333.422145341,2,126100.772111174,"trovafloxacin","quinolone"
"trovafloxacin","29","2023-02",1300310.34173674,307278.983999332,2,217279.05330204,"floxacin","quinolone"
"trovafloxacin","29","2023-02",1300310.34173674,307278.983999332,2,217279.05330204,"trovafloxacin","quinolone"
"trovafloxacin","29","2023-03",6361621.45494394,2836315.69746177,4,1418157.84873088,"floxacin","quinolone"
"trovafloxacin","29","2023-03",6361621.45494394,2836315.69746177,4,1418157.84873088,"trovafloxacin","quinolone"
"trovafloxacin","29","2023-04",7590221.3559255,8189140.92512446,4,4094570.46256223,"floxacin","quinolone"
"trovafloxacin","29","2023-04",7590221.3559255,8189140.92512446,4,4094570.46256223,"trovafloxacin","quinolone"
"trovafloxacin","29","2023-06",3427325.86718024,797536.375911309,2,563943.37964983,"floxacin","quinolone"
"trovafloxacin","29","2023-06",3427325.86718024,797536.375911309,2,563943.37964983,"trovafloxacin","quinolone"
"trovafloxacin","29","2023-07",6434755.59742623,1185927.90813734,2,838577.66584229,"floxacin","quinolone"
"trovafloxacin","29","2023-07",6434755.59742623,1185927.90813734,2,838577.66584229,"trovafloxacin","quinolone"
"tubercidin","29","2023-01",319081.447756773,75979.7302105163,2,53725.7824645805,NA,"unknown"
"tuberin","1","2023-05",465058.132423994,41097.005354344,2,29059.9711725165,NA,"unknown"
"xenysalate","29","2023-03",841206.168270043,276353.436239334,2,195411.388769037,NA,"unknown"
"xenysalate","29","2023-04",607862.198674682,259544.001944474,2,183525.323791232,NA,"unknown"
"xibornol","1","2022-09",9921561.86260995,8003843.56907834,4,4001921.78453917,NA,"unknown"
"xibornol","1","2022-10",8602977.68785238,5843034.32520727,4,2921517.16260363,NA,"unknown"
"xibornol","1","2022-11",7380496.94646921,5792769.3128013,4,2896384.65640065,NA,"unknown"
"xibornol","1","2022-12",7908177.61135411,3049492.41168911,2,2156316.76348229,NA,"unknown"
"xibornol","1","2023-02",6812677.44562044,2826020.16916195,2,1998298.02538437,NA,"unknown"
"xibornol","1","2023-04",11124417.2959676,6906468.82247504,4,3453234.41123752,NA,"unknown"
"xibornol","1","2023-05",6848587.27822222,5670495.73853981,4,2835247.86926991,NA,"unknown"
"xibornol","1","2023-06",11769192.4218856,8444670.80940942,4,4222335.40470471,NA,"unknown"
"xibornol","29","2022-09",18063578.0075383,15269292.431649,4,7634646.21582448,NA,"unknown"
"xibornol","29","2022-10",5158500.92988177,5201004.66621288,4,2600502.33310644,NA,"unknown"
"xibornol","29","2022-11",7358111.97147799,2356845.12213902,2,1666541.16807094,NA,"unknown"
"xibornol","29","2023-01",7874580.54776189,3090379.81267344,2,2185228.5219834,NA,"unknown"
"xibornol","29","2023-02",9208783.82762467,3245265.75445278,2,2294749.42172603,NA,"unknown"
"xibornol","29","2023-03",12883238.977752,7391425.05321274,6,3017536.64206587,NA,"unknown"
"xibornol","29","2023-04",13564929.7872072,10362411.4747384,4,5181205.7373692,NA,"unknown"
"xibornol","29","2023-06",11977994.08234,9859456.14529371,4,4929728.07264686,NA,"unknown"
"xibornol","29","2023-07",9005162.78895381,9224977.47063374,4,4612488.73531687,NA,"unknown"
"yazumycin a","1","2023-02",155960.342136146,36215.7254550661,2,25608.3850548675,NA,"unknown"
"yazumycin a","29","2023-02",690955.08447726,129835.21130339,2,91807.3583494155,NA,"unknown"
